System Prompt,Conversation History,Golden Response
"{0: {'instruction': 'Hello! Thank you for calling Company X. What can I help you with today?', 'navigation': {'book_appointment': 1, 'other_services': 5, 'end_call': 10}}, 1: {'instruction': 'Before we get started, could you please confirm both your first and last name?', 'navigation': {'confirm_name': 2}}, 2: {'instruction': 'Thanks for that. Can you give me your phone number, please?', 'navigation': {'provide_number': 3}}, 3: {'instruction': 'I have your phone number as [number]. Is that the best number to reach you?', 'navigation': {'confirm_number': 4}}, 4: {'instruction': 'Now, could I please have your full address? Please include the street, city, state, and zip code.', 'navigation': {'provide_address': 6}}, 5: {'instruction': 'Okay, let me transfer you. One moment, please.', 'navigation': 'terminate'}, 6: {'instruction': 'Thank you. I have noted your address. What day are you looking for us to come out?', 'navigation': {'provide_day': 7}}, 7: {'instruction': 'Got it. One moment while I pull available times for that day.', 'navigation': {'select_time': 8}}, 8: {'instruction': 'Perfect! I have booked your appointment for [date and time]. Is there anything else I can assist you with?', 'navigation': {'no_further_questions': 9}}, 9: {'instruction': 'Thank you for calling Company X. Have a great day!', 'navigation': 'terminate'}, 10: {'instruction': 'Goodbye! Have a great day!', 'navigation': 'terminate'}}","[{'role': 'assistant', 'content': 'Hi! Thank you for calling Company X. How can I help you today?'}, {'role': 'user', 'content': 'Can you explain your lifetime workmanship warranty?'}, {'role': 'assistant', 'content': 'Sure! Let me gather the details for you.'}, {'role': 'user', 'content': 'Wait, I meant something else entirely.'}, {'role': 'assistant', 'content': ""Let me recheck your details to ensure we're moving forward correctly.""}]",Let me recheck your details to ensure we're moving forward correctly.
"{0: {'instruction': 'Hello! Thank you for calling Company X. What can I help you with today?', 'navigation': {'book_appointment': 1, 'other_services': 5, 'end_call': 10}}, 1: {'instruction': 'Before we get started, could you please confirm both your first and last name?', 'navigation': {'confirm_name': 2}}, 2: {'instruction': 'Thanks for that. Can you give me your phone number, please?', 'navigation': {'provide_number': 3}}, 3: {'instruction': 'I have your phone number as [number]. Is that the best number to reach you?', 'navigation': {'confirm_number': 4}}, 4: {'instruction': 'Now, could I please have your full address? Please include the street, city, state, and zip code.', 'navigation': {'provide_address': 6}}, 5: {'instruction': 'Okay, let me transfer you. One moment, please.', 'navigation': 'terminate'}, 6: {'instruction': 'Thank you. I have noted your address. What day are you looking for us to come out?', 'navigation': {'provide_day': 7}}, 7: {'instruction': 'Got it. One moment while I pull available times for that day.', 'navigation': {'select_time': 8}}, 8: {'instruction': 'Perfect! I have booked your appointment for [date and time]. Is there anything else I can assist you with?', 'navigation': {'no_further_questions': 9}}, 9: {'instruction': 'Thank you for calling Company X. Have a great day!', 'navigation': 'terminate'}, 10: {'instruction': 'Goodbye! Have a great day!', 'navigation': 'terminate'}}","[{'role': 'assistant', 'content': 'Hi! Thank you for calling Company X. How can I help you today?'}, {'role': 'user', 'content': ""Hi, I'm looking to schedule an appointment.""}, {'role': 'assistant', 'content': 'Can you clarify your request so I can better assist you?'}, {'role': 'user', 'content': 'What if I want to cancel later?'}, {'role': 'assistant', 'content': ""I'll guide you through this step to avoid any confusion.""}]",I'll guide you through this step to avoid any confusion.
"{0: {'instruction': 'Hello! Thank you for calling Company X. What can I help you with today?', 'navigation': {'book_appointment': 1, 'other_services': 5, 'end_call': 10}}, 1: {'instruction': 'Before we get started, could you please confirm both your first and last name?', 'navigation': {'confirm_name': 2}}, 2: {'instruction': 'Thanks for that. Can you give me your phone number, please?', 'navigation': {'provide_number': 3}}, 3: {'instruction': 'I have your phone number as [number]. Is that the best number to reach you?', 'navigation': {'confirm_number': 4}}, 4: {'instruction': 'Now, could I please have your full address? Please include the street, city, state, and zip code.', 'navigation': {'provide_address': 6}}, 5: {'instruction': 'Okay, let me transfer you. One moment, please.', 'navigation': 'terminate'}, 6: {'instruction': 'Thank you. I have noted your address. What day are you looking for us to come out?', 'navigation': {'provide_day': 7}}, 7: {'instruction': 'Got it. One moment while I pull available times for that day.', 'navigation': {'select_time': 8}}, 8: {'instruction': 'Perfect! I have booked your appointment for [date and time]. Is there anything else I can assist you with?', 'navigation': {'no_further_questions': 9}}, 9: {'instruction': 'Thank you for calling Company X. Have a great day!', 'navigation': 'terminate'}, 10: {'instruction': 'Goodbye! Have a great day!', 'navigation': 'terminate'}}","[{'role': 'assistant', 'content': 'Hi! Thank you for calling Company X. How can I help you today?'}, {'role': 'user', 'content': ""Hi, I'm looking to schedule an appointment.""}, {'role': 'assistant', 'content': 'I can connect you with the right person for that. Please hold on.'}, {'role': 'user', 'content': 'Can I change my appointment to another day?'}, {'role': 'assistant', 'content': 'Sure, let me confirm your details to proceed with the appointment.'}]","Sure, let me confirm your details to proceed with the appointment."
"{0: {'instruction': 'Hello! Thank you for calling Company X. What can I help you with today?', 'navigation': {'book_appointment': 1, 'other_services': 5, 'end_call': 10}}, 1: {'instruction': 'Before we get started, could you please confirm both your first and last name?', 'navigation': {'confirm_name': 2}}, 2: {'instruction': 'Thanks for that. Can you give me your phone number, please?', 'navigation': {'provide_number': 3}}, 3: {'instruction': 'I have your phone number as [number]. Is that the best number to reach you?', 'navigation': {'confirm_number': 4}}, 4: {'instruction': 'Now, could I please have your full address? Please include the street, city, state, and zip code.', 'navigation': {'provide_address': 6}}, 5: {'instruction': 'Okay, let me transfer you. One moment, please.', 'navigation': 'terminate'}, 6: {'instruction': 'Thank you. I have noted your address. What day are you looking for us to come out?', 'navigation': {'provide_day': 7}}, 7: {'instruction': 'Got it. One moment while I pull available times for that day.', 'navigation': {'select_time': 8}}, 8: {'instruction': 'Perfect! I have booked your appointment for [date and time]. Is there anything else I can assist you with?', 'navigation': {'no_further_questions': 9}}, 9: {'instruction': 'Thank you for calling Company X. Have a great day!', 'navigation': 'terminate'}, 10: {'instruction': 'Goodbye! Have a great day!', 'navigation': 'terminate'}}","[{'role': 'assistant', 'content': 'Hi! Thank you for calling Company X. How can I help you today?'}, {'role': 'user', 'content': 'I want to cancel the appointment I made last week.'}, {'role': 'assistant', 'content': ""Thanks for your question! I'll find that for you.""}, {'role': 'user', 'content': 'Can you clarify what you just said?'}, {'role': 'assistant', 'content': ""Let me recheck your details to ensure we're moving forward correctly.""}]",Let me recheck your details to ensure we're moving forward correctly.
"{0: {'instruction': 'Hello! Thank you for calling Company X. What can I help you with today?', 'navigation': {'book_appointment': 1, 'other_services': 5, 'end_call': 10}}, 1: {'instruction': 'Before we get started, could you please confirm both your first and last name?', 'navigation': {'confirm_name': 2}}, 2: {'instruction': 'Thanks for that. Can you give me your phone number, please?', 'navigation': {'provide_number': 3}}, 3: {'instruction': 'I have your phone number as [number]. Is that the best number to reach you?', 'navigation': {'confirm_number': 4}}, 4: {'instruction': 'Now, could I please have your full address? Please include the street, city, state, and zip code.', 'navigation': {'provide_address': 6}}, 5: {'instruction': 'Okay, let me transfer you. One moment, please.', 'navigation': 'terminate'}, 6: {'instruction': 'Thank you. I have noted your address. What day are you looking for us to come out?', 'navigation': {'provide_day': 7}}, 7: {'instruction': 'Got it. One moment while I pull available times for that day.', 'navigation': {'select_time': 8}}, 8: {'instruction': 'Perfect! I have booked your appointment for [date and time]. Is there anything else I can assist you with?', 'navigation': {'no_further_questions': 9}}, 9: {'instruction': 'Thank you for calling Company X. Have a great day!', 'navigation': 'terminate'}, 10: {'instruction': 'Goodbye! Have a great day!', 'navigation': 'terminate'}}","[{'role': 'assistant', 'content': 'Hi! Thank you for calling Company X. How can I help you today?'}, {'role': 'user', 'content': 'What materials do you use for fences?'}, {'role': 'assistant', 'content': 'I can connect you with the right person for that. Please hold on.'}, {'role': 'user', 'content': 'I think I gave you the wrong details earlier.'}, {'role': 'assistant', 'content': ""I'll get that sorted for you. Let's finalize your current request first.""}]",I'll get that sorted for you. Let's finalize your current request first.
"{0: {'instruction': 'Hello! Thank you for calling Company X. What can I help you with today?', 'navigation': {'book_appointment': 1, 'other_services': 5, 'end_call': 10}}, 1: {'instruction': 'Before we get started, could you please confirm both your first and last name?', 'navigation': {'confirm_name': 2}}, 2: {'instruction': 'Thanks for that. Can you give me your phone number, please?', 'navigation': {'provide_number': 3}}, 3: {'instruction': 'I have your phone number as [number]. Is that the best number to reach you?', 'navigation': {'confirm_number': 4}}, 4: {'instruction': 'Now, could I please have your full address? Please include the street, city, state, and zip code.', 'navigation': {'provide_address': 6}}, 5: {'instruction': 'Okay, let me transfer you. One moment, please.', 'navigation': 'terminate'}, 6: {'instruction': 'Thank you. I have noted your address. What day are you looking for us to come out?', 'navigation': {'provide_day': 7}}, 7: {'instruction': 'Got it. One moment while I pull available times for that day.', 'navigation': {'select_time': 8}}, 8: {'instruction': 'Perfect! I have booked your appointment for [date and time]. Is there anything else I can assist you with?', 'navigation': {'no_further_questions': 9}}, 9: {'instruction': 'Thank you for calling Company X. Have a great day!', 'navigation': 'terminate'}, 10: {'instruction': 'Goodbye! Have a great day!', 'navigation': 'terminate'}}","[{'role': 'assistant', 'content': 'Hi! Thank you for calling Company X. How can I help you today?'}, {'role': 'user', 'content': 'Can I get a quote for fencing installation?'}, {'role': 'assistant', 'content': 'Sure! Let me gather the details for you.'}, {'role': 'user', 'content': 'Can I change my appointment to another day?'}, {'role': 'assistant', 'content': ""I understand your concern. Let's address your original request first.""}]",I understand your concern. Let's address your original request first.
"{0: {'instruction': 'Hello! Thank you for calling Company X. What can I help you with today?', 'navigation': {'book_appointment': 1, 'other_services': 5, 'end_call': 10}}, 1: {'instruction': 'Before we get started, could you please confirm both your first and last name?', 'navigation': {'confirm_name': 2}}, 2: {'instruction': 'Thanks for that. Can you give me your phone number, please?', 'navigation': {'provide_number': 3}}, 3: {'instruction': 'I have your phone number as [number]. Is that the best number to reach you?', 'navigation': {'confirm_number': 4}}, 4: {'instruction': 'Now, could I please have your full address? Please include the street, city, state, and zip code.', 'navigation': {'provide_address': 6}}, 5: {'instruction': 'Okay, let me transfer you. One moment, please.', 'navigation': 'terminate'}, 6: {'instruction': 'Thank you. I have noted your address. What day are you looking for us to come out?', 'navigation': {'provide_day': 7}}, 7: {'instruction': 'Got it. One moment while I pull available times for that day.', 'navigation': {'select_time': 8}}, 8: {'instruction': 'Perfect! I have booked your appointment for [date and time]. Is there anything else I can assist you with?', 'navigation': {'no_further_questions': 9}}, 9: {'instruction': 'Thank you for calling Company X. Have a great day!', 'navigation': 'terminate'}, 10: {'instruction': 'Goodbye! Have a great day!', 'navigation': 'terminate'}}","[{'role': 'assistant', 'content': 'Hi! Thank you for calling Company X. How can I help you today?'}, {'role': 'user', 'content': 'Can you send someone tomorrow?'}, {'role': 'assistant', 'content': 'Can you clarify your request so I can better assist you?'}, {'role': 'user', 'content': 'Can I add another service to my appointment?'}, {'role': 'assistant', 'content': ""I understand your concern. Let's address your original request first.""}]",I understand your concern. Let's address your original request first.
"{0: {'instruction': 'Hello! Thank you for calling Company X. What can I help you with today?', 'navigation': {'book_appointment': 1, 'other_services': 5, 'end_call': 10}}, 1: {'instruction': 'Before we get started, could you please confirm both your first and last name?', 'navigation': {'confirm_name': 2}}, 2: {'instruction': 'Thanks for that. Can you give me your phone number, please?', 'navigation': {'provide_number': 3}}, 3: {'instruction': 'I have your phone number as [number]. Is that the best number to reach you?', 'navigation': {'confirm_number': 4}}, 4: {'instruction': 'Now, could I please have your full address? Please include the street, city, state, and zip code.', 'navigation': {'provide_address': 6}}, 5: {'instruction': 'Okay, let me transfer you. One moment, please.', 'navigation': 'terminate'}, 6: {'instruction': 'Thank you. I have noted your address. What day are you looking for us to come out?', 'navigation': {'provide_day': 7}}, 7: {'instruction': 'Got it. One moment while I pull available times for that day.', 'navigation': {'select_time': 8}}, 8: {'instruction': 'Perfect! I have booked your appointment for [date and time]. Is there anything else I can assist you with?', 'navigation': {'no_further_questions': 9}}, 9: {'instruction': 'Thank you for calling Company X. Have a great day!', 'navigation': 'terminate'}, 10: {'instruction': 'Goodbye! Have a great day!', 'navigation': 'terminate'}}","[{'role': 'assistant', 'content': 'Hi! Thank you for calling Company X. How can I help you today?'}, {'role': 'user', 'content': ""Hi, I'm looking to schedule an appointment.""}, {'role': 'assistant', 'content': 'Can you clarify your request so I can better assist you?'}, {'role': 'user', 'content': 'What if I want to cancel later?'}, {'role': 'assistant', 'content': ""I'll get that sorted for you. Let's finalize your current request first.""}]",I'll get that sorted for you. Let's finalize your current request first.
"{0: {'instruction': 'Hello! Thank you for calling Company X. What can I help you with today?', 'navigation': {'book_appointment': 1, 'other_services': 5, 'end_call': 10}}, 1: {'instruction': 'Before we get started, could you please confirm both your first and last name?', 'navigation': {'confirm_name': 2}}, 2: {'instruction': 'Thanks for that. Can you give me your phone number, please?', 'navigation': {'provide_number': 3}}, 3: {'instruction': 'I have your phone number as [number]. Is that the best number to reach you?', 'navigation': {'confirm_number': 4}}, 4: {'instruction': 'Now, could I please have your full address? Please include the street, city, state, and zip code.', 'navigation': {'provide_address': 6}}, 5: {'instruction': 'Okay, let me transfer you. One moment, please.', 'navigation': 'terminate'}, 6: {'instruction': 'Thank you. I have noted your address. What day are you looking for us to come out?', 'navigation': {'provide_day': 7}}, 7: {'instruction': 'Got it. One moment while I pull available times for that day.', 'navigation': {'select_time': 8}}, 8: {'instruction': 'Perfect! I have booked your appointment for [date and time]. Is there anything else I can assist you with?', 'navigation': {'no_further_questions': 9}}, 9: {'instruction': 'Thank you for calling Company X. Have a great day!', 'navigation': 'terminate'}, 10: {'instruction': 'Goodbye! Have a great day!', 'navigation': 'terminate'}}","[{'role': 'assistant', 'content': 'Hi! Thank you for calling Company X. How can I help you today?'}, {'role': 'user', 'content': 'Can I transfer this call to someone else?'}, {'role': 'assistant', 'content': 'I can connect you with the right person for that. Please hold on.'}, {'role': 'user', 'content': 'I think I gave you the wrong details earlier.'}, {'role': 'assistant', 'content': 'Let me redirect you to the right step for this query.'}]",Let me redirect you to the right step for this query.
"{0: {'instruction': 'Hello! Thank you for calling Company X. What can I help you with today?', 'navigation': {'book_appointment': 1, 'other_services': 5, 'end_call': 10}}, 1: {'instruction': 'Before we get started, could you please confirm both your first and last name?', 'navigation': {'confirm_name': 2}}, 2: {'instruction': 'Thanks for that. Can you give me your phone number, please?', 'navigation': {'provide_number': 3}}, 3: {'instruction': 'I have your phone number as [number]. Is that the best number to reach you?', 'navigation': {'confirm_number': 4}}, 4: {'instruction': 'Now, could I please have your full address? Please include the street, city, state, and zip code.', 'navigation': {'provide_address': 6}}, 5: {'instruction': 'Okay, let me transfer you. One moment, please.', 'navigation': 'terminate'}, 6: {'instruction': 'Thank you. I have noted your address. What day are you looking for us to come out?', 'navigation': {'provide_day': 7}}, 7: {'instruction': 'Got it. One moment while I pull available times for that day.', 'navigation': {'select_time': 8}}, 8: {'instruction': 'Perfect! I have booked your appointment for [date and time]. Is there anything else I can assist you with?', 'navigation': {'no_further_questions': 9}}, 9: {'instruction': 'Thank you for calling Company X. Have a great day!', 'navigation': 'terminate'}, 10: {'instruction': 'Goodbye! Have a great day!', 'navigation': 'terminate'}}","[{'role': 'assistant', 'content': 'Hi! Thank you for calling Company X. How can I help you today?'}, {'role': 'user', 'content': 'Can you send someone tomorrow?'}, {'role': 'assistant', 'content': 'Can you clarify your request so I can better assist you?'}, {'role': 'user', 'content': 'Can I add another service to my appointment?'}, {'role': 'assistant', 'content': ""I'll ensure your request is handled. Let's continue with the appointment setup.""}]",I'll ensure your request is handled. Let's continue with the appointment setup.
"{0: {'instruction': 'Hello! Thank you for calling Company X. What can I help you with today?', 'navigation': {'book_appointment': 1, 'other_services': 5, 'end_call': 10}}, 1: {'instruction': 'Before we get started, could you please confirm both your first and last name?', 'navigation': {'confirm_name': 2}}, 2: {'instruction': 'Thanks for that. Can you give me your phone number, please?', 'navigation': {'provide_number': 3}}, 3: {'instruction': 'I have your phone number as [number]. Is that the best number to reach you?', 'navigation': {'confirm_number': 4}}, 4: {'instruction': 'Now, could I please have your full address? Please include the street, city, state, and zip code.', 'navigation': {'provide_address': 6}}, 5: {'instruction': 'Okay, let me transfer you. One moment, please.', 'navigation': 'terminate'}, 6: {'instruction': 'Thank you. I have noted your address. What day are you looking for us to come out?', 'navigation': {'provide_day': 7}}, 7: {'instruction': 'Got it. One moment while I pull available times for that day.', 'navigation': {'select_time': 8}}, 8: {'instruction': 'Perfect! I have booked your appointment for [date and time]. Is there anything else I can assist you with?', 'navigation': {'no_further_questions': 9}}, 9: {'instruction': 'Thank you for calling Company X. Have a great day!', 'navigation': 'terminate'}, 10: {'instruction': 'Goodbye! Have a great day!', 'navigation': 'terminate'}}","[{'role': 'assistant', 'content': 'Hi! Thank you for calling Company X. How can I help you today?'}, {'role': 'user', 'content': 'Can I get a quote for fencing installation?'}, {'role': 'assistant', 'content': 'Absolutely, I can assist with that.'}, {'role': 'user', 'content': 'Can I change my appointment to another day?'}, {'role': 'assistant', 'content': 'Let me redirect you to the right step for this query.'}]",Let me redirect you to the right step for this query.
"{0: {'instruction': 'Hello! Thank you for calling Company X. What can I help you with today?', 'navigation': {'book_appointment': 1, 'other_services': 5, 'end_call': 10}}, 1: {'instruction': 'Before we get started, could you please confirm both your first and last name?', 'navigation': {'confirm_name': 2}}, 2: {'instruction': 'Thanks for that. Can you give me your phone number, please?', 'navigation': {'provide_number': 3}}, 3: {'instruction': 'I have your phone number as [number]. Is that the best number to reach you?', 'navigation': {'confirm_number': 4}}, 4: {'instruction': 'Now, could I please have your full address? Please include the street, city, state, and zip code.', 'navigation': {'provide_address': 6}}, 5: {'instruction': 'Okay, let me transfer you. One moment, please.', 'navigation': 'terminate'}, 6: {'instruction': 'Thank you. I have noted your address. What day are you looking for us to come out?', 'navigation': {'provide_day': 7}}, 7: {'instruction': 'Got it. One moment while I pull available times for that day.', 'navigation': {'select_time': 8}}, 8: {'instruction': 'Perfect! I have booked your appointment for [date and time]. Is there anything else I can assist you with?', 'navigation': {'no_further_questions': 9}}, 9: {'instruction': 'Thank you for calling Company X. Have a great day!', 'navigation': 'terminate'}, 10: {'instruction': 'Goodbye! Have a great day!', 'navigation': 'terminate'}}","[{'role': 'assistant', 'content': 'Hi! Thank you for calling Company X. How can I help you today?'}, {'role': 'user', 'content': ""Hi, I'm looking to schedule an appointment.""}, {'role': 'assistant', 'content': 'I can connect you with the right person for that. Please hold on.'}, {'role': 'user', 'content': 'What if I want to cancel later?'}, {'role': 'assistant', 'content': 'Let me explain how our process works for this scenario.'}]",Let me explain how our process works for this scenario.
"{0: {'instruction': 'Hello! Thank you for calling Company X. What can I help you with today?', 'navigation': {'book_appointment': 1, 'other_services': 5, 'end_call': 10}}, 1: {'instruction': 'Before we get started, could you please confirm both your first and last name?', 'navigation': {'confirm_name': 2}}, 2: {'instruction': 'Thanks for that. Can you give me your phone number, please?', 'navigation': {'provide_number': 3}}, 3: {'instruction': 'I have your phone number as [number]. Is that the best number to reach you?', 'navigation': {'confirm_number': 4}}, 4: {'instruction': 'Now, could I please have your full address? Please include the street, city, state, and zip code.', 'navigation': {'provide_address': 6}}, 5: {'instruction': 'Okay, let me transfer you. One moment, please.', 'navigation': 'terminate'}, 6: {'instruction': 'Thank you. I have noted your address. What day are you looking for us to come out?', 'navigation': {'provide_day': 7}}, 7: {'instruction': 'Got it. One moment while I pull available times for that day.', 'navigation': {'select_time': 8}}, 8: {'instruction': 'Perfect! I have booked your appointment for [date and time]. Is there anything else I can assist you with?', 'navigation': {'no_further_questions': 9}}, 9: {'instruction': 'Thank you for calling Company X. Have a great day!', 'navigation': 'terminate'}, 10: {'instruction': 'Goodbye! Have a great day!', 'navigation': 'terminate'}}","[{'role': 'assistant', 'content': 'Hi! Thank you for calling Company X. How can I help you today?'}, {'role': 'user', 'content': 'Can you explain your lifetime workmanship warranty?'}, {'role': 'assistant', 'content': ""Thank you for reaching out! Let's get that sorted for you.""}, {'role': 'user', 'content': 'Can I change my appointment to another day?'}, {'role': 'assistant', 'content': ""I'll ensure your request is handled. Let's continue with the appointment setup.""}]",I'll ensure your request is handled. Let's continue with the appointment setup.
"{0: {'instruction': 'Hello! Thank you for calling Company X. What can I help you with today?', 'navigation': {'book_appointment': 1, 'other_services': 5, 'end_call': 10}}, 1: {'instruction': 'Before we get started, could you please confirm both your first and last name?', 'navigation': {'confirm_name': 2}}, 2: {'instruction': 'Thanks for that. Can you give me your phone number, please?', 'navigation': {'provide_number': 3}}, 3: {'instruction': 'I have your phone number as [number]. Is that the best number to reach you?', 'navigation': {'confirm_number': 4}}, 4: {'instruction': 'Now, could I please have your full address? Please include the street, city, state, and zip code.', 'navigation': {'provide_address': 6}}, 5: {'instruction': 'Okay, let me transfer you. One moment, please.', 'navigation': 'terminate'}, 6: {'instruction': 'Thank you. I have noted your address. What day are you looking for us to come out?', 'navigation': {'provide_day': 7}}, 7: {'instruction': 'Got it. One moment while I pull available times for that day.', 'navigation': {'select_time': 8}}, 8: {'instruction': 'Perfect! I have booked your appointment for [date and time]. Is there anything else I can assist you with?', 'navigation': {'no_further_questions': 9}}, 9: {'instruction': 'Thank you for calling Company X. Have a great day!', 'navigation': 'terminate'}, 10: {'instruction': 'Goodbye! Have a great day!', 'navigation': 'terminate'}}","[{'role': 'assistant', 'content': 'Hi! Thank you for calling Company X. How can I help you today?'}, {'role': 'user', 'content': 'I want to change the phone number associated with my account.'}, {'role': 'assistant', 'content': ""Thanks for your question! I'll find that for you.""}, {'role': 'user', 'content': 'Can I add another service to my appointment?'}, {'role': 'assistant', 'content': ""I'll guide you through this step to avoid any confusion.""}]",I'll guide you through this step to avoid any confusion.
"{0: {'instruction': 'Hello! Thank you for calling Company X. What can I help you with today?', 'navigation': {'book_appointment': 1, 'other_services': 5, 'end_call': 10}}, 1: {'instruction': 'Before we get started, could you please confirm both your first and last name?', 'navigation': {'confirm_name': 2}}, 2: {'instruction': 'Thanks for that. Can you give me your phone number, please?', 'navigation': {'provide_number': 3}}, 3: {'instruction': 'I have your phone number as [number]. Is that the best number to reach you?', 'navigation': {'confirm_number': 4}}, 4: {'instruction': 'Now, could I please have your full address? Please include the street, city, state, and zip code.', 'navigation': {'provide_address': 6}}, 5: {'instruction': 'Okay, let me transfer you. One moment, please.', 'navigation': 'terminate'}, 6: {'instruction': 'Thank you. I have noted your address. What day are you looking for us to come out?', 'navigation': {'provide_day': 7}}, 7: {'instruction': 'Got it. One moment while I pull available times for that day.', 'navigation': {'select_time': 8}}, 8: {'instruction': 'Perfect! I have booked your appointment for [date and time]. Is there anything else I can assist you with?', 'navigation': {'no_further_questions': 9}}, 9: {'instruction': 'Thank you for calling Company X. Have a great day!', 'navigation': 'terminate'}, 10: {'instruction': 'Goodbye! Have a great day!', 'navigation': 'terminate'}}","[{'role': 'assistant', 'content': 'Hi! Thank you for calling Company X. How can I help you today?'}, {'role': 'user', 'content': 'I want to cancel the appointment I made last week.'}, {'role': 'assistant', 'content': 'Sure! Let me gather the details for you.'}, {'role': 'user', 'content': 'Can I talk to someone else about this?'}, {'role': 'assistant', 'content': ""I'll guide you through this step to avoid any confusion.""}]",I'll guide you through this step to avoid any confusion.
"{0: {'instruction': 'Hello! Thank you for calling Company X. What can I help you with today?', 'navigation': {'book_appointment': 1, 'other_services': 5, 'end_call': 10}}, 1: {'instruction': 'Before we get started, could you please confirm both your first and last name?', 'navigation': {'confirm_name': 2}}, 2: {'instruction': 'Thanks for that. Can you give me your phone number, please?', 'navigation': {'provide_number': 3}}, 3: {'instruction': 'I have your phone number as [number]. Is that the best number to reach you?', 'navigation': {'confirm_number': 4}}, 4: {'instruction': 'Now, could I please have your full address? Please include the street, city, state, and zip code.', 'navigation': {'provide_address': 6}}, 5: {'instruction': 'Okay, let me transfer you. One moment, please.', 'navigation': 'terminate'}, 6: {'instruction': 'Thank you. I have noted your address. What day are you looking for us to come out?', 'navigation': {'provide_day': 7}}, 7: {'instruction': 'Got it. One moment while I pull available times for that day.', 'navigation': {'select_time': 8}}, 8: {'instruction': 'Perfect! I have booked your appointment for [date and time]. Is there anything else I can assist you with?', 'navigation': {'no_further_questions': 9}}, 9: {'instruction': 'Thank you for calling Company X. Have a great day!', 'navigation': 'terminate'}, 10: {'instruction': 'Goodbye! Have a great day!', 'navigation': 'terminate'}}","[{'role': 'assistant', 'content': 'Hi! Thank you for calling Company X. How can I help you today?'}, {'role': 'user', 'content': 'I want to cancel the appointment I made last week.'}, {'role': 'assistant', 'content': ""Thanks for your question! I'll find that for you.""}, {'role': 'user', 'content': 'Wait, I meant something else entirely.'}, {'role': 'assistant', 'content': ""Let me recheck your details to ensure we're moving forward correctly.""}]",Let me recheck your details to ensure we're moving forward correctly.
"{0: {'instruction': 'Hello! Thank you for calling Company X. What can I help you with today?', 'navigation': {'book_appointment': 1, 'other_services': 5, 'end_call': 10}}, 1: {'instruction': 'Before we get started, could you please confirm both your first and last name?', 'navigation': {'confirm_name': 2}}, 2: {'instruction': 'Thanks for that. Can you give me your phone number, please?', 'navigation': {'provide_number': 3}}, 3: {'instruction': 'I have your phone number as [number]. Is that the best number to reach you?', 'navigation': {'confirm_number': 4}}, 4: {'instruction': 'Now, could I please have your full address? Please include the street, city, state, and zip code.', 'navigation': {'provide_address': 6}}, 5: {'instruction': 'Okay, let me transfer you. One moment, please.', 'navigation': 'terminate'}, 6: {'instruction': 'Thank you. I have noted your address. What day are you looking for us to come out?', 'navigation': {'provide_day': 7}}, 7: {'instruction': 'Got it. One moment while I pull available times for that day.', 'navigation': {'select_time': 8}}, 8: {'instruction': 'Perfect! I have booked your appointment for [date and time]. Is there anything else I can assist you with?', 'navigation': {'no_further_questions': 9}}, 9: {'instruction': 'Thank you for calling Company X. Have a great day!', 'navigation': 'terminate'}, 10: {'instruction': 'Goodbye! Have a great day!', 'navigation': 'terminate'}}","[{'role': 'assistant', 'content': 'Hi! Thank you for calling Company X. How can I help you today?'}, {'role': 'user', 'content': 'Do you offer any discounts for large projects?'}, {'role': 'assistant', 'content': ""I'll take care of that right away. One moment, please.""}, {'role': 'user', 'content': 'Can you clarify what you just said?'}, {'role': 'assistant', 'content': ""I'll answer your question and get you back on track for your request.""}]",I'll answer your question and get you back on track for your request.
"{0: {'instruction': 'Hello! Thank you for calling Company X. What can I help you with today?', 'navigation': {'book_appointment': 1, 'other_services': 5, 'end_call': 10}}, 1: {'instruction': 'Before we get started, could you please confirm both your first and last name?', 'navigation': {'confirm_name': 2}}, 2: {'instruction': 'Thanks for that. Can you give me your phone number, please?', 'navigation': {'provide_number': 3}}, 3: {'instruction': 'I have your phone number as [number]. Is that the best number to reach you?', 'navigation': {'confirm_number': 4}}, 4: {'instruction': 'Now, could I please have your full address? Please include the street, city, state, and zip code.', 'navigation': {'provide_address': 6}}, 5: {'instruction': 'Okay, let me transfer you. One moment, please.', 'navigation': 'terminate'}, 6: {'instruction': 'Thank you. I have noted your address. What day are you looking for us to come out?', 'navigation': {'provide_day': 7}}, 7: {'instruction': 'Got it. One moment while I pull available times for that day.', 'navigation': {'select_time': 8}}, 8: {'instruction': 'Perfect! I have booked your appointment for [date and time]. Is there anything else I can assist you with?', 'navigation': {'no_further_questions': 9}}, 9: {'instruction': 'Thank you for calling Company X. Have a great day!', 'navigation': 'terminate'}, 10: {'instruction': 'Goodbye! Have a great day!', 'navigation': 'terminate'}}","[{'role': 'assistant', 'content': 'Hi! Thank you for calling Company X. How can I help you today?'}, {'role': 'user', 'content': ""Hi, I'm looking to schedule an appointment.""}, {'role': 'assistant', 'content': ""I'll take care of that right away. One moment, please.""}, {'role': 'user', 'content': 'Can I add another service to my appointment?'}, {'role': 'assistant', 'content': ""I can provide clarity on that, but let's first confirm your original details.""}]","I can provide clarity on that, but let's first confirm your original details."
"{0: {'instruction': 'Hello! Thank you for calling Company X. What can I help you with today?', 'navigation': {'book_appointment': 1, 'other_services': 5, 'end_call': 10}}, 1: {'instruction': 'Before we get started, could you please confirm both your first and last name?', 'navigation': {'confirm_name': 2}}, 2: {'instruction': 'Thanks for that. Can you give me your phone number, please?', 'navigation': {'provide_number': 3}}, 3: {'instruction': 'I have your phone number as [number]. Is that the best number to reach you?', 'navigation': {'confirm_number': 4}}, 4: {'instruction': 'Now, could I please have your full address? Please include the street, city, state, and zip code.', 'navigation': {'provide_address': 6}}, 5: {'instruction': 'Okay, let me transfer you. One moment, please.', 'navigation': 'terminate'}, 6: {'instruction': 'Thank you. I have noted your address. What day are you looking for us to come out?', 'navigation': {'provide_day': 7}}, 7: {'instruction': 'Got it. One moment while I pull available times for that day.', 'navigation': {'select_time': 8}}, 8: {'instruction': 'Perfect! I have booked your appointment for [date and time]. Is there anything else I can assist you with?', 'navigation': {'no_further_questions': 9}}, 9: {'instruction': 'Thank you for calling Company X. Have a great day!', 'navigation': 'terminate'}, 10: {'instruction': 'Goodbye! Have a great day!', 'navigation': 'terminate'}}","[{'role': 'assistant', 'content': 'Hi! Thank you for calling Company X. How can I help you today?'}, {'role': 'user', 'content': ""What's your policy on cancellations?""}, {'role': 'assistant', 'content': ""I'll take care of that right away. One moment, please.""}, {'role': 'user', 'content': 'Can I add another service to my appointment?'}, {'role': 'assistant', 'content': ""I'll answer your question and get you back on track for your request.""}]",I'll answer your question and get you back on track for your request.
"{0: {'instruction': 'Hello! Thank you for calling Company X. What can I help you with today?', 'navigation': {'book_appointment': 1, 'other_services': 5, 'end_call': 10}}, 1: {'instruction': 'Before we get started, could you please confirm both your first and last name?', 'navigation': {'confirm_name': 2}}, 2: {'instruction': 'Thanks for that. Can you give me your phone number, please?', 'navigation': {'provide_number': 3}}, 3: {'instruction': 'I have your phone number as [number]. Is that the best number to reach you?', 'navigation': {'confirm_number': 4}}, 4: {'instruction': 'Now, could I please have your full address? Please include the street, city, state, and zip code.', 'navigation': {'provide_address': 6}}, 5: {'instruction': 'Okay, let me transfer you. One moment, please.', 'navigation': 'terminate'}, 6: {'instruction': 'Thank you. I have noted your address. What day are you looking for us to come out?', 'navigation': {'provide_day': 7}}, 7: {'instruction': 'Got it. One moment while I pull available times for that day.', 'navigation': {'select_time': 8}}, 8: {'instruction': 'Perfect! I have booked your appointment for [date and time]. Is there anything else I can assist you with?', 'navigation': {'no_further_questions': 9}}, 9: {'instruction': 'Thank you for calling Company X. Have a great day!', 'navigation': 'terminate'}, 10: {'instruction': 'Goodbye! Have a great day!', 'navigation': 'terminate'}}","[{'role': 'assistant', 'content': 'Hi! Thank you for calling Company X. How can I help you today?'}, {'role': 'user', 'content': 'What materials do you use for fences?'}, {'role': 'assistant', 'content': ""Thanks for your question! I'll find that for you.""}, {'role': 'user', 'content': ""Hmm, I'm not sure about that.""}, {'role': 'assistant', 'content': ""I can provide clarity on that, but let's first confirm your original details.""}]","I can provide clarity on that, but let's first confirm your original details."
"{0: {'instruction': 'Hello! Thank you for calling Company X. What can I help you with today?', 'navigation': {'book_appointment': 1, 'other_services': 5, 'end_call': 10}}, 1: {'instruction': 'Before we get started, could you please confirm both your first and last name?', 'navigation': {'confirm_name': 2}}, 2: {'instruction': 'Thanks for that. Can you give me your phone number, please?', 'navigation': {'provide_number': 3}}, 3: {'instruction': 'I have your phone number as [number]. Is that the best number to reach you?', 'navigation': {'confirm_number': 4}}, 4: {'instruction': 'Now, could I please have your full address? Please include the street, city, state, and zip code.', 'navigation': {'provide_address': 6}}, 5: {'instruction': 'Okay, let me transfer you. One moment, please.', 'navigation': 'terminate'}, 6: {'instruction': 'Thank you. I have noted your address. What day are you looking for us to come out?', 'navigation': {'provide_day': 7}}, 7: {'instruction': 'Got it. One moment while I pull available times for that day.', 'navigation': {'select_time': 8}}, 8: {'instruction': 'Perfect! I have booked your appointment for [date and time]. Is there anything else I can assist you with?', 'navigation': {'no_further_questions': 9}}, 9: {'instruction': 'Thank you for calling Company X. Have a great day!', 'navigation': 'terminate'}, 10: {'instruction': 'Goodbye! Have a great day!', 'navigation': 'terminate'}}","[{'role': 'assistant', 'content': 'Hi! Thank you for calling Company X. How can I help you today?'}, {'role': 'user', 'content': 'Can I get a quote for fencing installation?'}, {'role': 'assistant', 'content': 'I can connect you with the right person for that. Please hold on.'}, {'role': 'user', 'content': 'Can I talk to someone else about this?'}, {'role': 'assistant', 'content': ""Let me recheck your details to ensure we're moving forward correctly.""}]",Let me recheck your details to ensure we're moving forward correctly.
"{0: {'instruction': 'Hello! Thank you for calling Company X. What can I help you with today?', 'navigation': {'book_appointment': 1, 'other_services': 5, 'end_call': 10}}, 1: {'instruction': 'Before we get started, could you please confirm both your first and last name?', 'navigation': {'confirm_name': 2}}, 2: {'instruction': 'Thanks for that. Can you give me your phone number, please?', 'navigation': {'provide_number': 3}}, 3: {'instruction': 'I have your phone number as [number]. Is that the best number to reach you?', 'navigation': {'confirm_number': 4}}, 4: {'instruction': 'Now, could I please have your full address? Please include the street, city, state, and zip code.', 'navigation': {'provide_address': 6}}, 5: {'instruction': 'Okay, let me transfer you. One moment, please.', 'navigation': 'terminate'}, 6: {'instruction': 'Thank you. I have noted your address. What day are you looking for us to come out?', 'navigation': {'provide_day': 7}}, 7: {'instruction': 'Got it. One moment while I pull available times for that day.', 'navigation': {'select_time': 8}}, 8: {'instruction': 'Perfect! I have booked your appointment for [date and time]. Is there anything else I can assist you with?', 'navigation': {'no_further_questions': 9}}, 9: {'instruction': 'Thank you for calling Company X. Have a great day!', 'navigation': 'terminate'}, 10: {'instruction': 'Goodbye! Have a great day!', 'navigation': 'terminate'}}","[{'role': 'assistant', 'content': 'Hi! Thank you for calling Company X. How can I help you today?'}, {'role': 'user', 'content': ""What's your policy on cancellations?""}, {'role': 'assistant', 'content': ""Thanks for your question! I'll find that for you.""}, {'role': 'user', 'content': 'What if I want to cancel later?'}, {'role': 'assistant', 'content': ""I'll answer your question and get you back on track for your request.""}]",I'll answer your question and get you back on track for your request.
"{0: {'instruction': 'Hello! Thank you for calling Company X. What can I help you with today?', 'navigation': {'book_appointment': 1, 'other_services': 5, 'end_call': 10}}, 1: {'instruction': 'Before we get started, could you please confirm both your first and last name?', 'navigation': {'confirm_name': 2}}, 2: {'instruction': 'Thanks for that. Can you give me your phone number, please?', 'navigation': {'provide_number': 3}}, 3: {'instruction': 'I have your phone number as [number]. Is that the best number to reach you?', 'navigation': {'confirm_number': 4}}, 4: {'instruction': 'Now, could I please have your full address? Please include the street, city, state, and zip code.', 'navigation': {'provide_address': 6}}, 5: {'instruction': 'Okay, let me transfer you. One moment, please.', 'navigation': 'terminate'}, 6: {'instruction': 'Thank you. I have noted your address. What day are you looking for us to come out?', 'navigation': {'provide_day': 7}}, 7: {'instruction': 'Got it. One moment while I pull available times for that day.', 'navigation': {'select_time': 8}}, 8: {'instruction': 'Perfect! I have booked your appointment for [date and time]. Is there anything else I can assist you with?', 'navigation': {'no_further_questions': 9}}, 9: {'instruction': 'Thank you for calling Company X. Have a great day!', 'navigation': 'terminate'}, 10: {'instruction': 'Goodbye! Have a great day!', 'navigation': 'terminate'}}","[{'role': 'assistant', 'content': 'Hi! Thank you for calling Company X. How can I help you today?'}, {'role': 'user', 'content': ""What's your policy on cancellations?""}, {'role': 'assistant', 'content': ""Thanks for your question! I'll find that for you.""}, {'role': 'user', 'content': 'I think I gave you the wrong details earlier.'}, {'role': 'assistant', 'content': ""I can provide clarity on that, but let's first confirm your original details.""}]","I can provide clarity on that, but let's first confirm your original details."
"{0: {'instruction': 'Hello! Thank you for calling Company X. What can I help you with today?', 'navigation': {'book_appointment': 1, 'other_services': 5, 'end_call': 10}}, 1: {'instruction': 'Before we get started, could you please confirm both your first and last name?', 'navigation': {'confirm_name': 2}}, 2: {'instruction': 'Thanks for that. Can you give me your phone number, please?', 'navigation': {'provide_number': 3}}, 3: {'instruction': 'I have your phone number as [number]. Is that the best number to reach you?', 'navigation': {'confirm_number': 4}}, 4: {'instruction': 'Now, could I please have your full address? Please include the street, city, state, and zip code.', 'navigation': {'provide_address': 6}}, 5: {'instruction': 'Okay, let me transfer you. One moment, please.', 'navigation': 'terminate'}, 6: {'instruction': 'Thank you. I have noted your address. What day are you looking for us to come out?', 'navigation': {'provide_day': 7}}, 7: {'instruction': 'Got it. One moment while I pull available times for that day.', 'navigation': {'select_time': 8}}, 8: {'instruction': 'Perfect! I have booked your appointment for [date and time]. Is there anything else I can assist you with?', 'navigation': {'no_further_questions': 9}}, 9: {'instruction': 'Thank you for calling Company X. Have a great day!', 'navigation': 'terminate'}, 10: {'instruction': 'Goodbye! Have a great day!', 'navigation': 'terminate'}}","[{'role': 'assistant', 'content': 'Hi! Thank you for calling Company X. How can I help you today?'}, {'role': 'user', 'content': 'What materials do you use for fences?'}, {'role': 'assistant', 'content': ""Thanks for your question! I'll find that for you.""}, {'role': 'user', 'content': 'Wait, I meant something else entirely.'}, {'role': 'assistant', 'content': ""I'll get that sorted for you. Let's finalize your current request first.""}]",I'll get that sorted for you. Let's finalize your current request first.
"{0: {'instruction': 'Hello! Thank you for calling Company X. What can I help you with today?', 'navigation': {'book_appointment': 1, 'other_services': 5, 'end_call': 10}}, 1: {'instruction': 'Before we get started, could you please confirm both your first and last name?', 'navigation': {'confirm_name': 2}}, 2: {'instruction': 'Thanks for that. Can you give me your phone number, please?', 'navigation': {'provide_number': 3}}, 3: {'instruction': 'I have your phone number as [number]. Is that the best number to reach you?', 'navigation': {'confirm_number': 4}}, 4: {'instruction': 'Now, could I please have your full address? Please include the street, city, state, and zip code.', 'navigation': {'provide_address': 6}}, 5: {'instruction': 'Okay, let me transfer you. One moment, please.', 'navigation': 'terminate'}, 6: {'instruction': 'Thank you. I have noted your address. What day are you looking for us to come out?', 'navigation': {'provide_day': 7}}, 7: {'instruction': 'Got it. One moment while I pull available times for that day.', 'navigation': {'select_time': 8}}, 8: {'instruction': 'Perfect! I have booked your appointment for [date and time]. Is there anything else I can assist you with?', 'navigation': {'no_further_questions': 9}}, 9: {'instruction': 'Thank you for calling Company X. Have a great day!', 'navigation': 'terminate'}, 10: {'instruction': 'Goodbye! Have a great day!', 'navigation': 'terminate'}}","[{'role': 'assistant', 'content': 'Hi! Thank you for calling Company X. How can I help you today?'}, {'role': 'user', 'content': ""What's your policy on cancellations?""}, {'role': 'assistant', 'content': 'Let me confirm your details before we proceed.'}, {'role': 'user', 'content': 'Can you clarify what you just said?'}, {'role': 'assistant', 'content': ""I'll get that sorted for you. Let's finalize your current request first.""}]",I'll get that sorted for you. Let's finalize your current request first.
"{0: {'instruction': 'Hello! Thank you for calling Company X. What can I help you with today?', 'navigation': {'book_appointment': 1, 'other_services': 5, 'end_call': 10}}, 1: {'instruction': 'Before we get started, could you please confirm both your first and last name?', 'navigation': {'confirm_name': 2}}, 2: {'instruction': 'Thanks for that. Can you give me your phone number, please?', 'navigation': {'provide_number': 3}}, 3: {'instruction': 'I have your phone number as [number]. Is that the best number to reach you?', 'navigation': {'confirm_number': 4}}, 4: {'instruction': 'Now, could I please have your full address? Please include the street, city, state, and zip code.', 'navigation': {'provide_address': 6}}, 5: {'instruction': 'Okay, let me transfer you. One moment, please.', 'navigation': 'terminate'}, 6: {'instruction': 'Thank you. I have noted your address. What day are you looking for us to come out?', 'navigation': {'provide_day': 7}}, 7: {'instruction': 'Got it. One moment while I pull available times for that day.', 'navigation': {'select_time': 8}}, 8: {'instruction': 'Perfect! I have booked your appointment for [date and time]. Is there anything else I can assist you with?', 'navigation': {'no_further_questions': 9}}, 9: {'instruction': 'Thank you for calling Company X. Have a great day!', 'navigation': 'terminate'}, 10: {'instruction': 'Goodbye! Have a great day!', 'navigation': 'terminate'}}","[{'role': 'assistant', 'content': 'Hi! Thank you for calling Company X. How can I help you today?'}, {'role': 'user', 'content': 'Can you send someone tomorrow?'}, {'role': 'assistant', 'content': ""I'll need a bit more information to assist you with that.""}, {'role': 'user', 'content': 'Oh, actually, I have another question.'}, {'role': 'assistant', 'content': 'Sure, let me confirm your details to proceed with the appointment.'}]","Sure, let me confirm your details to proceed with the appointment."
"{0: {'instruction': 'Hello! Thank you for calling Company X. What can I help you with today?', 'navigation': {'book_appointment': 1, 'other_services': 5, 'end_call': 10}}, 1: {'instruction': 'Before we get started, could you please confirm both your first and last name?', 'navigation': {'confirm_name': 2}}, 2: {'instruction': 'Thanks for that. Can you give me your phone number, please?', 'navigation': {'provide_number': 3}}, 3: {'instruction': 'I have your phone number as [number]. Is that the best number to reach you?', 'navigation': {'confirm_number': 4}}, 4: {'instruction': 'Now, could I please have your full address? Please include the street, city, state, and zip code.', 'navigation': {'provide_address': 6}}, 5: {'instruction': 'Okay, let me transfer you. One moment, please.', 'navigation': 'terminate'}, 6: {'instruction': 'Thank you. I have noted your address. What day are you looking for us to come out?', 'navigation': {'provide_day': 7}}, 7: {'instruction': 'Got it. One moment while I pull available times for that day.', 'navigation': {'select_time': 8}}, 8: {'instruction': 'Perfect! I have booked your appointment for [date and time]. Is there anything else I can assist you with?', 'navigation': {'no_further_questions': 9}}, 9: {'instruction': 'Thank you for calling Company X. Have a great day!', 'navigation': 'terminate'}, 10: {'instruction': 'Goodbye! Have a great day!', 'navigation': 'terminate'}}","[{'role': 'assistant', 'content': 'Hi! Thank you for calling Company X. How can I help you today?'}, {'role': 'user', 'content': 'What materials do you use for fences?'}, {'role': 'assistant', 'content': ""Thanks for your question! I'll find that for you.""}, {'role': 'user', 'content': 'Can I change my appointment to another day?'}, {'role': 'assistant', 'content': ""Let me recheck your details to ensure we're moving forward correctly.""}]",Let me recheck your details to ensure we're moving forward correctly.
"{0: {'instruction': 'Hello! Thank you for calling Company X. What can I help you with today?', 'navigation': {'book_appointment': 1, 'other_services': 5, 'end_call': 10}}, 1: {'instruction': 'Before we get started, could you please confirm both your first and last name?', 'navigation': {'confirm_name': 2}}, 2: {'instruction': 'Thanks for that. Can you give me your phone number, please?', 'navigation': {'provide_number': 3}}, 3: {'instruction': 'I have your phone number as [number]. Is that the best number to reach you?', 'navigation': {'confirm_number': 4}}, 4: {'instruction': 'Now, could I please have your full address? Please include the street, city, state, and zip code.', 'navigation': {'provide_address': 6}}, 5: {'instruction': 'Okay, let me transfer you. One moment, please.', 'navigation': 'terminate'}, 6: {'instruction': 'Thank you. I have noted your address. What day are you looking for us to come out?', 'navigation': {'provide_day': 7}}, 7: {'instruction': 'Got it. One moment while I pull available times for that day.', 'navigation': {'select_time': 8}}, 8: {'instruction': 'Perfect! I have booked your appointment for [date and time]. Is there anything else I can assist you with?', 'navigation': {'no_further_questions': 9}}, 9: {'instruction': 'Thank you for calling Company X. Have a great day!', 'navigation': 'terminate'}, 10: {'instruction': 'Goodbye! Have a great day!', 'navigation': 'terminate'}}","[{'role': 'assistant', 'content': 'Hi! Thank you for calling Company X. How can I help you today?'}, {'role': 'user', 'content': ""Hi, I'm looking to schedule an appointment.""}, {'role': 'assistant', 'content': 'Let me confirm your details before we proceed.'}, {'role': 'user', 'content': 'Can I talk to someone else about this?'}, {'role': 'assistant', 'content': ""I can provide clarity on that, but let's first confirm your original details.""}]","I can provide clarity on that, but let's first confirm your original details."
"{0: {'instruction': 'Hello! Thank you for calling Company X. What can I help you with today?', 'navigation': {'book_appointment': 1, 'other_services': 5, 'end_call': 10}}, 1: {'instruction': 'Before we get started, could you please confirm both your first and last name?', 'navigation': {'confirm_name': 2}}, 2: {'instruction': 'Thanks for that. Can you give me your phone number, please?', 'navigation': {'provide_number': 3}}, 3: {'instruction': 'I have your phone number as [number]. Is that the best number to reach you?', 'navigation': {'confirm_number': 4}}, 4: {'instruction': 'Now, could I please have your full address? Please include the street, city, state, and zip code.', 'navigation': {'provide_address': 6}}, 5: {'instruction': 'Okay, let me transfer you. One moment, please.', 'navigation': 'terminate'}, 6: {'instruction': 'Thank you. I have noted your address. What day are you looking for us to come out?', 'navigation': {'provide_day': 7}}, 7: {'instruction': 'Got it. One moment while I pull available times for that day.', 'navigation': {'select_time': 8}}, 8: {'instruction': 'Perfect! I have booked your appointment for [date and time]. Is there anything else I can assist you with?', 'navigation': {'no_further_questions': 9}}, 9: {'instruction': 'Thank you for calling Company X. Have a great day!', 'navigation': 'terminate'}, 10: {'instruction': 'Goodbye! Have a great day!', 'navigation': 'terminate'}}","[{'role': 'assistant', 'content': 'Hi! Thank you for calling Company X. How can I help you today?'}, {'role': 'user', 'content': 'Do you offer any discounts for large projects?'}, {'role': 'assistant', 'content': 'I can connect you with the right person for that. Please hold on.'}, {'role': 'user', 'content': 'Can I talk to someone else about this?'}, {'role': 'assistant', 'content': 'Let me redirect you to the right step for this query.'}]",Let me redirect you to the right step for this query.
"{0: {'instruction': 'Hello! Thank you for calling Company X. What can I help you with today?', 'navigation': {'book_appointment': 1, 'other_services': 5, 'end_call': 10}}, 1: {'instruction': 'Before we get started, could you please confirm both your first and last name?', 'navigation': {'confirm_name': 2}}, 2: {'instruction': 'Thanks for that. Can you give me your phone number, please?', 'navigation': {'provide_number': 3}}, 3: {'instruction': 'I have your phone number as [number]. Is that the best number to reach you?', 'navigation': {'confirm_number': 4}}, 4: {'instruction': 'Now, could I please have your full address? Please include the street, city, state, and zip code.', 'navigation': {'provide_address': 6}}, 5: {'instruction': 'Okay, let me transfer you. One moment, please.', 'navigation': 'terminate'}, 6: {'instruction': 'Thank you. I have noted your address. What day are you looking for us to come out?', 'navigation': {'provide_day': 7}}, 7: {'instruction': 'Got it. One moment while I pull available times for that day.', 'navigation': {'select_time': 8}}, 8: {'instruction': 'Perfect! I have booked your appointment for [date and time]. Is there anything else I can assist you with?', 'navigation': {'no_further_questions': 9}}, 9: {'instruction': 'Thank you for calling Company X. Have a great day!', 'navigation': 'terminate'}, 10: {'instruction': 'Goodbye! Have a great day!', 'navigation': 'terminate'}}","[{'role': 'assistant', 'content': 'Hi! Thank you for calling Company X. How can I help you today?'}, {'role': 'user', 'content': 'Can I get a quote for fencing installation?'}, {'role': 'assistant', 'content': ""Thanks for your question! I'll find that for you.""}, {'role': 'user', 'content': 'Can you clarify what you just said?'}, {'role': 'assistant', 'content': ""I'll ensure your request is handled. Let's continue with the appointment setup.""}]",I'll ensure your request is handled. Let's continue with the appointment setup.
"{0: {'instruction': 'Hello! Thank you for calling Company X. What can I help you with today?', 'navigation': {'book_appointment': 1, 'other_services': 5, 'end_call': 10}}, 1: {'instruction': 'Before we get started, could you please confirm both your first and last name?', 'navigation': {'confirm_name': 2}}, 2: {'instruction': 'Thanks for that. Can you give me your phone number, please?', 'navigation': {'provide_number': 3}}, 3: {'instruction': 'I have your phone number as [number]. Is that the best number to reach you?', 'navigation': {'confirm_number': 4}}, 4: {'instruction': 'Now, could I please have your full address? Please include the street, city, state, and zip code.', 'navigation': {'provide_address': 6}}, 5: {'instruction': 'Okay, let me transfer you. One moment, please.', 'navigation': 'terminate'}, 6: {'instruction': 'Thank you. I have noted your address. What day are you looking for us to come out?', 'navigation': {'provide_day': 7}}, 7: {'instruction': 'Got it. One moment while I pull available times for that day.', 'navigation': {'select_time': 8}}, 8: {'instruction': 'Perfect! I have booked your appointment for [date and time]. Is there anything else I can assist you with?', 'navigation': {'no_further_questions': 9}}, 9: {'instruction': 'Thank you for calling Company X. Have a great day!', 'navigation': 'terminate'}, 10: {'instruction': 'Goodbye! Have a great day!', 'navigation': 'terminate'}}","[{'role': 'assistant', 'content': 'Hi! Thank you for calling Company X. How can I help you today?'}, {'role': 'user', 'content': 'Can I transfer this call to someone else?'}, {'role': 'assistant', 'content': ""Thank you for reaching out! Let's get that sorted for you.""}, {'role': 'user', 'content': 'Oh, actually, I have another question.'}, {'role': 'assistant', 'content': 'Sure, let me confirm your details to proceed with the appointment.'}]","Sure, let me confirm your details to proceed with the appointment."
"{0: {'instruction': 'Hello! Thank you for calling Company X. What can I help you with today?', 'navigation': {'book_appointment': 1, 'other_services': 5, 'end_call': 10}}, 1: {'instruction': 'Before we get started, could you please confirm both your first and last name?', 'navigation': {'confirm_name': 2}}, 2: {'instruction': 'Thanks for that. Can you give me your phone number, please?', 'navigation': {'provide_number': 3}}, 3: {'instruction': 'I have your phone number as [number]. Is that the best number to reach you?', 'navigation': {'confirm_number': 4}}, 4: {'instruction': 'Now, could I please have your full address? Please include the street, city, state, and zip code.', 'navigation': {'provide_address': 6}}, 5: {'instruction': 'Okay, let me transfer you. One moment, please.', 'navigation': 'terminate'}, 6: {'instruction': 'Thank you. I have noted your address. What day are you looking for us to come out?', 'navigation': {'provide_day': 7}}, 7: {'instruction': 'Got it. One moment while I pull available times for that day.', 'navigation': {'select_time': 8}}, 8: {'instruction': 'Perfect! I have booked your appointment for [date and time]. Is there anything else I can assist you with?', 'navigation': {'no_further_questions': 9}}, 9: {'instruction': 'Thank you for calling Company X. Have a great day!', 'navigation': 'terminate'}, 10: {'instruction': 'Goodbye! Have a great day!', 'navigation': 'terminate'}}","[{'role': 'assistant', 'content': 'Hi! Thank you for calling Company X. How can I help you today?'}, {'role': 'user', 'content': 'Can you explain your lifetime workmanship warranty?'}, {'role': 'assistant', 'content': ""I'll take care of that right away. One moment, please.""}, {'role': 'user', 'content': 'Can you clarify what you just said?'}, {'role': 'assistant', 'content': ""I'll ensure your request is handled. Let's continue with the appointment setup.""}]",I'll ensure your request is handled. Let's continue with the appointment setup.
"{0: {'instruction': 'Hello! Thank you for calling Company X. What can I help you with today?', 'navigation': {'book_appointment': 1, 'other_services': 5, 'end_call': 10}}, 1: {'instruction': 'Before we get started, could you please confirm both your first and last name?', 'navigation': {'confirm_name': 2}}, 2: {'instruction': 'Thanks for that. Can you give me your phone number, please?', 'navigation': {'provide_number': 3}}, 3: {'instruction': 'I have your phone number as [number]. Is that the best number to reach you?', 'navigation': {'confirm_number': 4}}, 4: {'instruction': 'Now, could I please have your full address? Please include the street, city, state, and zip code.', 'navigation': {'provide_address': 6}}, 5: {'instruction': 'Okay, let me transfer you. One moment, please.', 'navigation': 'terminate'}, 6: {'instruction': 'Thank you. I have noted your address. What day are you looking for us to come out?', 'navigation': {'provide_day': 7}}, 7: {'instruction': 'Got it. One moment while I pull available times for that day.', 'navigation': {'select_time': 8}}, 8: {'instruction': 'Perfect! I have booked your appointment for [date and time]. Is there anything else I can assist you with?', 'navigation': {'no_further_questions': 9}}, 9: {'instruction': 'Thank you for calling Company X. Have a great day!', 'navigation': 'terminate'}, 10: {'instruction': 'Goodbye! Have a great day!', 'navigation': 'terminate'}}","[{'role': 'assistant', 'content': 'Hi! Thank you for calling Company X. How can I help you today?'}, {'role': 'user', 'content': 'I want to change the phone number associated with my account.'}, {'role': 'assistant', 'content': ""Thank you for reaching out! Let's get that sorted for you.""}, {'role': 'user', 'content': 'Does your policy cover this specific scenario?'}, {'role': 'assistant', 'content': ""I'll answer your question and get you back on track for your request.""}]",I'll answer your question and get you back on track for your request.
"{0: {'instruction': 'Hello! Thank you for calling Company X. What can I help you with today?', 'navigation': {'book_appointment': 1, 'other_services': 5, 'end_call': 10}}, 1: {'instruction': 'Before we get started, could you please confirm both your first and last name?', 'navigation': {'confirm_name': 2}}, 2: {'instruction': 'Thanks for that. Can you give me your phone number, please?', 'navigation': {'provide_number': 3}}, 3: {'instruction': 'I have your phone number as [number]. Is that the best number to reach you?', 'navigation': {'confirm_number': 4}}, 4: {'instruction': 'Now, could I please have your full address? Please include the street, city, state, and zip code.', 'navigation': {'provide_address': 6}}, 5: {'instruction': 'Okay, let me transfer you. One moment, please.', 'navigation': 'terminate'}, 6: {'instruction': 'Thank you. I have noted your address. What day are you looking for us to come out?', 'navigation': {'provide_day': 7}}, 7: {'instruction': 'Got it. One moment while I pull available times for that day.', 'navigation': {'select_time': 8}}, 8: {'instruction': 'Perfect! I have booked your appointment for [date and time]. Is there anything else I can assist you with?', 'navigation': {'no_further_questions': 9}}, 9: {'instruction': 'Thank you for calling Company X. Have a great day!', 'navigation': 'terminate'}, 10: {'instruction': 'Goodbye! Have a great day!', 'navigation': 'terminate'}}","[{'role': 'assistant', 'content': 'Hi! Thank you for calling Company X. How can I help you today?'}, {'role': 'user', 'content': 'Can you explain your lifetime workmanship warranty?'}, {'role': 'assistant', 'content': ""Thanks for your question! I'll find that for you.""}, {'role': 'user', 'content': 'I think I gave you the wrong details earlier.'}, {'role': 'assistant', 'content': ""I'll guide you through this step to avoid any confusion.""}]",I'll guide you through this step to avoid any confusion.
"{0: {'instruction': 'Hello! Thank you for calling Company X. What can I help you with today?', 'navigation': {'book_appointment': 1, 'other_services': 5, 'end_call': 10}}, 1: {'instruction': 'Before we get started, could you please confirm both your first and last name?', 'navigation': {'confirm_name': 2}}, 2: {'instruction': 'Thanks for that. Can you give me your phone number, please?', 'navigation': {'provide_number': 3}}, 3: {'instruction': 'I have your phone number as [number]. Is that the best number to reach you?', 'navigation': {'confirm_number': 4}}, 4: {'instruction': 'Now, could I please have your full address? Please include the street, city, state, and zip code.', 'navigation': {'provide_address': 6}}, 5: {'instruction': 'Okay, let me transfer you. One moment, please.', 'navigation': 'terminate'}, 6: {'instruction': 'Thank you. I have noted your address. What day are you looking for us to come out?', 'navigation': {'provide_day': 7}}, 7: {'instruction': 'Got it. One moment while I pull available times for that day.', 'navigation': {'select_time': 8}}, 8: {'instruction': 'Perfect! I have booked your appointment for [date and time]. Is there anything else I can assist you with?', 'navigation': {'no_further_questions': 9}}, 9: {'instruction': 'Thank you for calling Company X. Have a great day!', 'navigation': 'terminate'}, 10: {'instruction': 'Goodbye! Have a great day!', 'navigation': 'terminate'}}","[{'role': 'assistant', 'content': 'Hi! Thank you for calling Company X. How can I help you today?'}, {'role': 'user', 'content': 'What materials do you use for fences?'}, {'role': 'assistant', 'content': 'I can help you with that. Let me just pull up the information.'}, {'role': 'user', 'content': 'What if I want to cancel later?'}, {'role': 'assistant', 'content': ""I can provide clarity on that, but let's first confirm your original details.""}]","I can provide clarity on that, but let's first confirm your original details."
"{0: {'instruction': 'Hello! Thank you for calling Company X. What can I help you with today?', 'navigation': {'book_appointment': 1, 'other_services': 5, 'end_call': 10}}, 1: {'instruction': 'Before we get started, could you please confirm both your first and last name?', 'navigation': {'confirm_name': 2}}, 2: {'instruction': 'Thanks for that. Can you give me your phone number, please?', 'navigation': {'provide_number': 3}}, 3: {'instruction': 'I have your phone number as [number]. Is that the best number to reach you?', 'navigation': {'confirm_number': 4}}, 4: {'instruction': 'Now, could I please have your full address? Please include the street, city, state, and zip code.', 'navigation': {'provide_address': 6}}, 5: {'instruction': 'Okay, let me transfer you. One moment, please.', 'navigation': 'terminate'}, 6: {'instruction': 'Thank you. I have noted your address. What day are you looking for us to come out?', 'navigation': {'provide_day': 7}}, 7: {'instruction': 'Got it. One moment while I pull available times for that day.', 'navigation': {'select_time': 8}}, 8: {'instruction': 'Perfect! I have booked your appointment for [date and time]. Is there anything else I can assist you with?', 'navigation': {'no_further_questions': 9}}, 9: {'instruction': 'Thank you for calling Company X. Have a great day!', 'navigation': 'terminate'}, 10: {'instruction': 'Goodbye! Have a great day!', 'navigation': 'terminate'}}","[{'role': 'assistant', 'content': 'Hi! Thank you for calling Company X. How can I help you today?'}, {'role': 'user', 'content': 'Do you offer any discounts for large projects?'}, {'role': 'assistant', 'content': 'Let me confirm your details before we proceed.'}, {'role': 'user', 'content': 'Can I change my appointment to another day?'}, {'role': 'assistant', 'content': ""I can provide clarity on that, but let's first confirm your original details.""}]","I can provide clarity on that, but let's first confirm your original details."
"{0: {'instruction': 'Hello! Thank you for calling Company X. What can I help you with today?', 'navigation': {'book_appointment': 1, 'other_services': 5, 'end_call': 10}}, 1: {'instruction': 'Before we get started, could you please confirm both your first and last name?', 'navigation': {'confirm_name': 2}}, 2: {'instruction': 'Thanks for that. Can you give me your phone number, please?', 'navigation': {'provide_number': 3}}, 3: {'instruction': 'I have your phone number as [number]. Is that the best number to reach you?', 'navigation': {'confirm_number': 4}}, 4: {'instruction': 'Now, could I please have your full address? Please include the street, city, state, and zip code.', 'navigation': {'provide_address': 6}}, 5: {'instruction': 'Okay, let me transfer you. One moment, please.', 'navigation': 'terminate'}, 6: {'instruction': 'Thank you. I have noted your address. What day are you looking for us to come out?', 'navigation': {'provide_day': 7}}, 7: {'instruction': 'Got it. One moment while I pull available times for that day.', 'navigation': {'select_time': 8}}, 8: {'instruction': 'Perfect! I have booked your appointment for [date and time]. Is there anything else I can assist you with?', 'navigation': {'no_further_questions': 9}}, 9: {'instruction': 'Thank you for calling Company X. Have a great day!', 'navigation': 'terminate'}, 10: {'instruction': 'Goodbye! Have a great day!', 'navigation': 'terminate'}}","[{'role': 'assistant', 'content': 'Hi! Thank you for calling Company X. How can I help you today?'}, {'role': 'user', 'content': 'Can I transfer this call to someone else?'}, {'role': 'assistant', 'content': 'Absolutely, I can assist with that.'}, {'role': 'user', 'content': 'Can I talk to someone else about this?'}, {'role': 'assistant', 'content': ""I'll ensure your request is handled. Let's continue with the appointment setup.""}]",I'll ensure your request is handled. Let's continue with the appointment setup.
"{0: {'instruction': 'Hello! Thank you for calling Company X. What can I help you with today?', 'navigation': {'book_appointment': 1, 'other_services': 5, 'end_call': 10}}, 1: {'instruction': 'Before we get started, could you please confirm both your first and last name?', 'navigation': {'confirm_name': 2}}, 2: {'instruction': 'Thanks for that. Can you give me your phone number, please?', 'navigation': {'provide_number': 3}}, 3: {'instruction': 'I have your phone number as [number]. Is that the best number to reach you?', 'navigation': {'confirm_number': 4}}, 4: {'instruction': 'Now, could I please have your full address? Please include the street, city, state, and zip code.', 'navigation': {'provide_address': 6}}, 5: {'instruction': 'Okay, let me transfer you. One moment, please.', 'navigation': 'terminate'}, 6: {'instruction': 'Thank you. I have noted your address. What day are you looking for us to come out?', 'navigation': {'provide_day': 7}}, 7: {'instruction': 'Got it. One moment while I pull available times for that day.', 'navigation': {'select_time': 8}}, 8: {'instruction': 'Perfect! I have booked your appointment for [date and time]. Is there anything else I can assist you with?', 'navigation': {'no_further_questions': 9}}, 9: {'instruction': 'Thank you for calling Company X. Have a great day!', 'navigation': 'terminate'}, 10: {'instruction': 'Goodbye! Have a great day!', 'navigation': 'terminate'}}","[{'role': 'assistant', 'content': 'Hi! Thank you for calling Company X. How can I help you today?'}, {'role': 'user', 'content': 'What materials do you use for fences?'}, {'role': 'assistant', 'content': ""I'll take care of that right away. One moment, please.""}, {'role': 'user', 'content': 'Can I change my appointment to another day?'}, {'role': 'assistant', 'content': ""I understand your concern. Let's address your original request first.""}]",I understand your concern. Let's address your original request first.
"{0: {'instruction': 'Hello! Thank you for calling Company X. What can I help you with today?', 'navigation': {'book_appointment': 1, 'other_services': 5, 'end_call': 10}}, 1: {'instruction': 'Before we get started, could you please confirm both your first and last name?', 'navigation': {'confirm_name': 2}}, 2: {'instruction': 'Thanks for that. Can you give me your phone number, please?', 'navigation': {'provide_number': 3}}, 3: {'instruction': 'I have your phone number as [number]. Is that the best number to reach you?', 'navigation': {'confirm_number': 4}}, 4: {'instruction': 'Now, could I please have your full address? Please include the street, city, state, and zip code.', 'navigation': {'provide_address': 6}}, 5: {'instruction': 'Okay, let me transfer you. One moment, please.', 'navigation': 'terminate'}, 6: {'instruction': 'Thank you. I have noted your address. What day are you looking for us to come out?', 'navigation': {'provide_day': 7}}, 7: {'instruction': 'Got it. One moment while I pull available times for that day.', 'navigation': {'select_time': 8}}, 8: {'instruction': 'Perfect! I have booked your appointment for [date and time]. Is there anything else I can assist you with?', 'navigation': {'no_further_questions': 9}}, 9: {'instruction': 'Thank you for calling Company X. Have a great day!', 'navigation': 'terminate'}, 10: {'instruction': 'Goodbye! Have a great day!', 'navigation': 'terminate'}}","[{'role': 'assistant', 'content': 'Hi! Thank you for calling Company X. How can I help you today?'}, {'role': 'user', 'content': 'Can I transfer this call to someone else?'}, {'role': 'assistant', 'content': 'Sure! Let me gather the details for you.'}, {'role': 'user', 'content': 'I think I gave you the wrong details earlier.'}, {'role': 'assistant', 'content': ""I'll guide you through this step to avoid any confusion.""}]",I'll guide you through this step to avoid any confusion.
"{0: {'instruction': 'Hello! Thank you for calling Company X. What can I help you with today?', 'navigation': {'book_appointment': 1, 'other_services': 5, 'end_call': 10}}, 1: {'instruction': 'Before we get started, could you please confirm both your first and last name?', 'navigation': {'confirm_name': 2}}, 2: {'instruction': 'Thanks for that. Can you give me your phone number, please?', 'navigation': {'provide_number': 3}}, 3: {'instruction': 'I have your phone number as [number]. Is that the best number to reach you?', 'navigation': {'confirm_number': 4}}, 4: {'instruction': 'Now, could I please have your full address? Please include the street, city, state, and zip code.', 'navigation': {'provide_address': 6}}, 5: {'instruction': 'Okay, let me transfer you. One moment, please.', 'navigation': 'terminate'}, 6: {'instruction': 'Thank you. I have noted your address. What day are you looking for us to come out?', 'navigation': {'provide_day': 7}}, 7: {'instruction': 'Got it. One moment while I pull available times for that day.', 'navigation': {'select_time': 8}}, 8: {'instruction': 'Perfect! I have booked your appointment for [date and time]. Is there anything else I can assist you with?', 'navigation': {'no_further_questions': 9}}, 9: {'instruction': 'Thank you for calling Company X. Have a great day!', 'navigation': 'terminate'}, 10: {'instruction': 'Goodbye! Have a great day!', 'navigation': 'terminate'}}","[{'role': 'assistant', 'content': 'Hi! Thank you for calling Company X. How can I help you today?'}, {'role': 'user', 'content': ""What's your policy on cancellations?""}, {'role': 'assistant', 'content': ""I'll need a bit more information to assist you with that.""}, {'role': 'user', 'content': 'Oh, actually, I have another question.'}, {'role': 'assistant', 'content': 'Sure, let me confirm your details to proceed with the appointment.'}]","Sure, let me confirm your details to proceed with the appointment."
"{0: {'instruction': 'Hello! Thank you for calling Company X. What can I help you with today?', 'navigation': {'book_appointment': 1, 'other_services': 5, 'end_call': 10}}, 1: {'instruction': 'Before we get started, could you please confirm both your first and last name?', 'navigation': {'confirm_name': 2}}, 2: {'instruction': 'Thanks for that. Can you give me your phone number, please?', 'navigation': {'provide_number': 3}}, 3: {'instruction': 'I have your phone number as [number]. Is that the best number to reach you?', 'navigation': {'confirm_number': 4}}, 4: {'instruction': 'Now, could I please have your full address? Please include the street, city, state, and zip code.', 'navigation': {'provide_address': 6}}, 5: {'instruction': 'Okay, let me transfer you. One moment, please.', 'navigation': 'terminate'}, 6: {'instruction': 'Thank you. I have noted your address. What day are you looking for us to come out?', 'navigation': {'provide_day': 7}}, 7: {'instruction': 'Got it. One moment while I pull available times for that day.', 'navigation': {'select_time': 8}}, 8: {'instruction': 'Perfect! I have booked your appointment for [date and time]. Is there anything else I can assist you with?', 'navigation': {'no_further_questions': 9}}, 9: {'instruction': 'Thank you for calling Company X. Have a great day!', 'navigation': 'terminate'}, 10: {'instruction': 'Goodbye! Have a great day!', 'navigation': 'terminate'}}","[{'role': 'assistant', 'content': 'Hi! Thank you for calling Company X. How can I help you today?'}, {'role': 'user', 'content': 'Can you send someone tomorrow?'}, {'role': 'assistant', 'content': ""I'll need a bit more information to assist you with that.""}, {'role': 'user', 'content': 'I think I gave you the wrong details earlier.'}, {'role': 'assistant', 'content': 'Let me explain how our process works for this scenario.'}]",Let me explain how our process works for this scenario.
"{0: {'instruction': 'Hello! Thank you for calling Company X. What can I help you with today?', 'navigation': {'book_appointment': 1, 'other_services': 5, 'end_call': 10}}, 1: {'instruction': 'Before we get started, could you please confirm both your first and last name?', 'navigation': {'confirm_name': 2}}, 2: {'instruction': 'Thanks for that. Can you give me your phone number, please?', 'navigation': {'provide_number': 3}}, 3: {'instruction': 'I have your phone number as [number]. Is that the best number to reach you?', 'navigation': {'confirm_number': 4}}, 4: {'instruction': 'Now, could I please have your full address? Please include the street, city, state, and zip code.', 'navigation': {'provide_address': 6}}, 5: {'instruction': 'Okay, let me transfer you. One moment, please.', 'navigation': 'terminate'}, 6: {'instruction': 'Thank you. I have noted your address. What day are you looking for us to come out?', 'navigation': {'provide_day': 7}}, 7: {'instruction': 'Got it. One moment while I pull available times for that day.', 'navigation': {'select_time': 8}}, 8: {'instruction': 'Perfect! I have booked your appointment for [date and time]. Is there anything else I can assist you with?', 'navigation': {'no_further_questions': 9}}, 9: {'instruction': 'Thank you for calling Company X. Have a great day!', 'navigation': 'terminate'}, 10: {'instruction': 'Goodbye! Have a great day!', 'navigation': 'terminate'}}","[{'role': 'assistant', 'content': 'Hi! Thank you for calling Company X. How can I help you today?'}, {'role': 'user', 'content': 'What materials do you use for fences?'}, {'role': 'assistant', 'content': ""Thanks for your question! I'll find that for you.""}, {'role': 'user', 'content': 'Wait, I meant something else entirely.'}, {'role': 'assistant', 'content': ""I'll answer your question and get you back on track for your request.""}]",I'll answer your question and get you back on track for your request.
"{0: {'instruction': 'Hello! Thank you for calling Company X. What can I help you with today?', 'navigation': {'book_appointment': 1, 'other_services': 5, 'end_call': 10}}, 1: {'instruction': 'Before we get started, could you please confirm both your first and last name?', 'navigation': {'confirm_name': 2}}, 2: {'instruction': 'Thanks for that. Can you give me your phone number, please?', 'navigation': {'provide_number': 3}}, 3: {'instruction': 'I have your phone number as [number]. Is that the best number to reach you?', 'navigation': {'confirm_number': 4}}, 4: {'instruction': 'Now, could I please have your full address? Please include the street, city, state, and zip code.', 'navigation': {'provide_address': 6}}, 5: {'instruction': 'Okay, let me transfer you. One moment, please.', 'navigation': 'terminate'}, 6: {'instruction': 'Thank you. I have noted your address. What day are you looking for us to come out?', 'navigation': {'provide_day': 7}}, 7: {'instruction': 'Got it. One moment while I pull available times for that day.', 'navigation': {'select_time': 8}}, 8: {'instruction': 'Perfect! I have booked your appointment for [date and time]. Is there anything else I can assist you with?', 'navigation': {'no_further_questions': 9}}, 9: {'instruction': 'Thank you for calling Company X. Have a great day!', 'navigation': 'terminate'}, 10: {'instruction': 'Goodbye! Have a great day!', 'navigation': 'terminate'}}","[{'role': 'assistant', 'content': 'Hi! Thank you for calling Company X. How can I help you today?'}, {'role': 'user', 'content': 'I want to change the phone number associated with my account.'}, {'role': 'assistant', 'content': 'Let me confirm your details before we proceed.'}, {'role': 'user', 'content': 'Can I talk to someone else about this?'}, {'role': 'assistant', 'content': 'Let me redirect you to the right step for this query.'}]",Let me redirect you to the right step for this query.
"{0: {'instruction': 'Hello! Thank you for calling Company X. What can I help you with today?', 'navigation': {'book_appointment': 1, 'other_services': 5, 'end_call': 10}}, 1: {'instruction': 'Before we get started, could you please confirm both your first and last name?', 'navigation': {'confirm_name': 2}}, 2: {'instruction': 'Thanks for that. Can you give me your phone number, please?', 'navigation': {'provide_number': 3}}, 3: {'instruction': 'I have your phone number as [number]. Is that the best number to reach you?', 'navigation': {'confirm_number': 4}}, 4: {'instruction': 'Now, could I please have your full address? Please include the street, city, state, and zip code.', 'navigation': {'provide_address': 6}}, 5: {'instruction': 'Okay, let me transfer you. One moment, please.', 'navigation': 'terminate'}, 6: {'instruction': 'Thank you. I have noted your address. What day are you looking for us to come out?', 'navigation': {'provide_day': 7}}, 7: {'instruction': 'Got it. One moment while I pull available times for that day.', 'navigation': {'select_time': 8}}, 8: {'instruction': 'Perfect! I have booked your appointment for [date and time]. Is there anything else I can assist you with?', 'navigation': {'no_further_questions': 9}}, 9: {'instruction': 'Thank you for calling Company X. Have a great day!', 'navigation': 'terminate'}, 10: {'instruction': 'Goodbye! Have a great day!', 'navigation': 'terminate'}}","[{'role': 'assistant', 'content': 'Hi! Thank you for calling Company X. How can I help you today?'}, {'role': 'user', 'content': 'Can you explain your lifetime workmanship warranty?'}, {'role': 'assistant', 'content': ""Thanks for your question! I'll find that for you.""}, {'role': 'user', 'content': 'Wait, I meant something else entirely.'}, {'role': 'assistant', 'content': ""Let me recheck your details to ensure we're moving forward correctly.""}]",Let me recheck your details to ensure we're moving forward correctly.
"{0: {'instruction': 'Hello! Thank you for calling Company X. What can I help you with today?', 'navigation': {'book_appointment': 1, 'other_services': 5, 'end_call': 10}}, 1: {'instruction': 'Before we get started, could you please confirm both your first and last name?', 'navigation': {'confirm_name': 2}}, 2: {'instruction': 'Thanks for that. Can you give me your phone number, please?', 'navigation': {'provide_number': 3}}, 3: {'instruction': 'I have your phone number as [number]. Is that the best number to reach you?', 'navigation': {'confirm_number': 4}}, 4: {'instruction': 'Now, could I please have your full address? Please include the street, city, state, and zip code.', 'navigation': {'provide_address': 6}}, 5: {'instruction': 'Okay, let me transfer you. One moment, please.', 'navigation': 'terminate'}, 6: {'instruction': 'Thank you. I have noted your address. What day are you looking for us to come out?', 'navigation': {'provide_day': 7}}, 7: {'instruction': 'Got it. One moment while I pull available times for that day.', 'navigation': {'select_time': 8}}, 8: {'instruction': 'Perfect! I have booked your appointment for [date and time]. Is there anything else I can assist you with?', 'navigation': {'no_further_questions': 9}}, 9: {'instruction': 'Thank you for calling Company X. Have a great day!', 'navigation': 'terminate'}, 10: {'instruction': 'Goodbye! Have a great day!', 'navigation': 'terminate'}}","[{'role': 'assistant', 'content': 'Hi! Thank you for calling Company X. How can I help you today?'}, {'role': 'user', 'content': 'I want to change the phone number associated with my account.'}, {'role': 'assistant', 'content': 'Can you clarify your request so I can better assist you?'}, {'role': 'user', 'content': 'Can I talk to someone else about this?'}, {'role': 'assistant', 'content': ""I understand your concern. Let's address your original request first.""}]",I understand your concern. Let's address your original request first.
"{0: {'instruction': 'Hello! Thank you for calling Company X. What can I help you with today?', 'navigation': {'book_appointment': 1, 'other_services': 5, 'end_call': 10}}, 1: {'instruction': 'Before we get started, could you please confirm both your first and last name?', 'navigation': {'confirm_name': 2}}, 2: {'instruction': 'Thanks for that. Can you give me your phone number, please?', 'navigation': {'provide_number': 3}}, 3: {'instruction': 'I have your phone number as [number]. Is that the best number to reach you?', 'navigation': {'confirm_number': 4}}, 4: {'instruction': 'Now, could I please have your full address? Please include the street, city, state, and zip code.', 'navigation': {'provide_address': 6}}, 5: {'instruction': 'Okay, let me transfer you. One moment, please.', 'navigation': 'terminate'}, 6: {'instruction': 'Thank you. I have noted your address. What day are you looking for us to come out?', 'navigation': {'provide_day': 7}}, 7: {'instruction': 'Got it. One moment while I pull available times for that day.', 'navigation': {'select_time': 8}}, 8: {'instruction': 'Perfect! I have booked your appointment for [date and time]. Is there anything else I can assist you with?', 'navigation': {'no_further_questions': 9}}, 9: {'instruction': 'Thank you for calling Company X. Have a great day!', 'navigation': 'terminate'}, 10: {'instruction': 'Goodbye! Have a great day!', 'navigation': 'terminate'}}","[{'role': 'assistant', 'content': 'Hi! Thank you for calling Company X. How can I help you today?'}, {'role': 'user', 'content': 'What materials do you use for fences?'}, {'role': 'assistant', 'content': 'Absolutely, I can assist with that.'}, {'role': 'user', 'content': 'Oh, actually, I have another question.'}, {'role': 'assistant', 'content': 'Sure, let me confirm your details to proceed with the appointment.'}]","Sure, let me confirm your details to proceed with the appointment."
"{0: {'instruction': 'Hello! Thank you for calling Company X. What can I help you with today?', 'navigation': {'book_appointment': 1, 'other_services': 5, 'end_call': 10}}, 1: {'instruction': 'Before we get started, could you please confirm both your first and last name?', 'navigation': {'confirm_name': 2}}, 2: {'instruction': 'Thanks for that. Can you give me your phone number, please?', 'navigation': {'provide_number': 3}}, 3: {'instruction': 'I have your phone number as [number]. Is that the best number to reach you?', 'navigation': {'confirm_number': 4}}, 4: {'instruction': 'Now, could I please have your full address? Please include the street, city, state, and zip code.', 'navigation': {'provide_address': 6}}, 5: {'instruction': 'Okay, let me transfer you. One moment, please.', 'navigation': 'terminate'}, 6: {'instruction': 'Thank you. I have noted your address. What day are you looking for us to come out?', 'navigation': {'provide_day': 7}}, 7: {'instruction': 'Got it. One moment while I pull available times for that day.', 'navigation': {'select_time': 8}}, 8: {'instruction': 'Perfect! I have booked your appointment for [date and time]. Is there anything else I can assist you with?', 'navigation': {'no_further_questions': 9}}, 9: {'instruction': 'Thank you for calling Company X. Have a great day!', 'navigation': 'terminate'}, 10: {'instruction': 'Goodbye! Have a great day!', 'navigation': 'terminate'}}","[{'role': 'assistant', 'content': 'Hi! Thank you for calling Company X. How can I help you today?'}, {'role': 'user', 'content': 'What materials do you use for fences?'}, {'role': 'assistant', 'content': 'Let me confirm your details before we proceed.'}, {'role': 'user', 'content': 'Wait, I meant something else entirely.'}, {'role': 'assistant', 'content': 'Sure, let me confirm your details to proceed with the appointment.'}]","Sure, let me confirm your details to proceed with the appointment."
"{0: {'instruction': 'Hello! Thank you for calling Company X. What can I help you with today?', 'navigation': {'book_appointment': 1, 'other_services': 5, 'end_call': 10}}, 1: {'instruction': 'Before we get started, could you please confirm both your first and last name?', 'navigation': {'confirm_name': 2}}, 2: {'instruction': 'Thanks for that. Can you give me your phone number, please?', 'navigation': {'provide_number': 3}}, 3: {'instruction': 'I have your phone number as [number]. Is that the best number to reach you?', 'navigation': {'confirm_number': 4}}, 4: {'instruction': 'Now, could I please have your full address? Please include the street, city, state, and zip code.', 'navigation': {'provide_address': 6}}, 5: {'instruction': 'Okay, let me transfer you. One moment, please.', 'navigation': 'terminate'}, 6: {'instruction': 'Thank you. I have noted your address. What day are you looking for us to come out?', 'navigation': {'provide_day': 7}}, 7: {'instruction': 'Got it. One moment while I pull available times for that day.', 'navigation': {'select_time': 8}}, 8: {'instruction': 'Perfect! I have booked your appointment for [date and time]. Is there anything else I can assist you with?', 'navigation': {'no_further_questions': 9}}, 9: {'instruction': 'Thank you for calling Company X. Have a great day!', 'navigation': 'terminate'}, 10: {'instruction': 'Goodbye! Have a great day!', 'navigation': 'terminate'}}","[{'role': 'assistant', 'content': 'Hi! Thank you for calling Company X. How can I help you today?'}, {'role': 'user', 'content': ""What's your policy on cancellations?""}, {'role': 'assistant', 'content': 'I can help you with that. Let me just pull up the information.'}, {'role': 'user', 'content': 'Can you clarify what you just said?'}, {'role': 'assistant', 'content': 'Let me explain how our process works for this scenario.'}]",Let me explain how our process works for this scenario.
"{0: {'instruction': 'Hello! Thank you for calling Company X. What can I help you with today?', 'navigation': {'book_appointment': 1, 'other_services': 5, 'end_call': 10}}, 1: {'instruction': 'Before we get started, could you please confirm both your first and last name?', 'navigation': {'confirm_name': 2}}, 2: {'instruction': 'Thanks for that. Can you give me your phone number, please?', 'navigation': {'provide_number': 3}}, 3: {'instruction': 'I have your phone number as [number]. Is that the best number to reach you?', 'navigation': {'confirm_number': 4}}, 4: {'instruction': 'Now, could I please have your full address? Please include the street, city, state, and zip code.', 'navigation': {'provide_address': 6}}, 5: {'instruction': 'Okay, let me transfer you. One moment, please.', 'navigation': 'terminate'}, 6: {'instruction': 'Thank you. I have noted your address. What day are you looking for us to come out?', 'navigation': {'provide_day': 7}}, 7: {'instruction': 'Got it. One moment while I pull available times for that day.', 'navigation': {'select_time': 8}}, 8: {'instruction': 'Perfect! I have booked your appointment for [date and time]. Is there anything else I can assist you with?', 'navigation': {'no_further_questions': 9}}, 9: {'instruction': 'Thank you for calling Company X. Have a great day!', 'navigation': 'terminate'}, 10: {'instruction': 'Goodbye! Have a great day!', 'navigation': 'terminate'}}","[{'role': 'assistant', 'content': 'Hi! Thank you for calling Company X. How can I help you today?'}, {'role': 'user', 'content': 'I want to change the phone number associated with my account.'}, {'role': 'assistant', 'content': 'Let me confirm your details before we proceed.'}, {'role': 'user', 'content': 'Does your policy cover this specific scenario?'}, {'role': 'assistant', 'content': ""I'll guide you through this step to avoid any confusion.""}]",I'll guide you through this step to avoid any confusion.
"{0: {'instruction': 'Hello! Thank you for calling Company X. What can I help you with today?', 'navigation': {'book_appointment': 1, 'other_services': 5, 'end_call': 10}}, 1: {'instruction': 'Before we get started, could you please confirm both your first and last name?', 'navigation': {'confirm_name': 2}}, 2: {'instruction': 'Thanks for that. Can you give me your phone number, please?', 'navigation': {'provide_number': 3}}, 3: {'instruction': 'I have your phone number as [number]. Is that the best number to reach you?', 'navigation': {'confirm_number': 4}}, 4: {'instruction': 'Now, could I please have your full address? Please include the street, city, state, and zip code.', 'navigation': {'provide_address': 6}}, 5: {'instruction': 'Okay, let me transfer you. One moment, please.', 'navigation': 'terminate'}, 6: {'instruction': 'Thank you. I have noted your address. What day are you looking for us to come out?', 'navigation': {'provide_day': 7}}, 7: {'instruction': 'Got it. One moment while I pull available times for that day.', 'navigation': {'select_time': 8}}, 8: {'instruction': 'Perfect! I have booked your appointment for [date and time]. Is there anything else I can assist you with?', 'navigation': {'no_further_questions': 9}}, 9: {'instruction': 'Thank you for calling Company X. Have a great day!', 'navigation': 'terminate'}, 10: {'instruction': 'Goodbye! Have a great day!', 'navigation': 'terminate'}}","[{'role': 'assistant', 'content': 'Hi! Thank you for calling Company X. How can I help you today?'}, {'role': 'user', 'content': 'Can I get a quote for fencing installation?'}, {'role': 'assistant', 'content': 'Absolutely, I can assist with that.'}, {'role': 'user', 'content': 'I think I gave you the wrong details earlier.'}, {'role': 'assistant', 'content': ""I'll answer your question and get you back on track for your request.""}]",I'll answer your question and get you back on track for your request.
